{"cameraMode":{"drawMode":0,"name":"Shaded","section":"Shading Mode"},"sceneLighting":true,"audioPlay":false,"sceneViewState":{"showFog":true,"showMaterialUpdate":false,"showSkybox":true,"showFlares":true,"showImageEffects":true,"showParticleSystems":true},"in2DMode":false,"pivot":{"x":280.9282531738281,"y":251.18301391601563,"z":3.89959716796875},"rotation":{"x":0.09598854929208756,"y":-0.05969202518463135,"z":0.005770260002464056,"w":0.9935851693153381},"size":193.66419982910157,"orthographic":false}