{"cameraMode":{"drawMode":0,"name":"Shaded","section":"Shading Mode"},"sceneLighting":true,"audioPlay":false,"sceneViewState":{"showFog":true,"showMaterialUpdate":false,"showSkybox":true,"showFlares":true,"showImageEffects":true,"showParticleSystems":true},"in2DMode":false,"pivot":{"x":316.3579406738281,"y":180.4496612548828,"z":-1.220947265625},"rotation":{"x":0.12738081812858582,"y":0.035694412887096408,"z":-0.004582684021443129,"w":0.991210401058197},"size":320.1015625,"orthographic":false}