{"cameraMode":{"drawMode":0,"name":"Shaded","section":"Shading Mode"},"sceneLighting":true,"audioPlay":false,"sceneViewState":{"showFog":true,"showMaterialUpdate":false,"showSkybox":true,"showFlares":true,"showImageEffects":true,"showParticleSystems":true},"in2DMode":false,"pivot":{"x":141.323974609375,"y":210.010986328125,"z":-45.2628173828125},"rotation":{"x":0.06468027085065842,"y":0.050866544246673587,"z":-0.003301955759525299,"w":0.9966065287590027},"size":251.3504180908203,"orthographic":false}